{
    "wpm": [
        64.18604651162791,
        0.0,
        0.0,
        70.58823529411764,
        58.79732739420935,
        53.07692307692308,
        18.227848101265824,
        24.43321299638989
    ],
    "accuracy": [
        86.957,
        0.0,
        0.0,
        88.889,
        95.455,
        95.652,
        94.444,
        99.291
    ],
    "errors": [
        3,
        0,
        0,
        2,
        1,
        1,
        1,
        1
    ]
}